<?xml version="1.0" encoding="UTF-8"?>
<!-- Bing imagery -->
<!--$Id: BingImagery.xml 1069 2013-01-07 18:31:02Z tgaskins $-->
<Layer version="1" layerType="TiledImageLayer">
    <DisplayName>Bing Imagery</DisplayName>
    <Service serviceName="OGC:WMS" version="1.1.1">
        <GetCapabilitiesURL>http://worldwind27.arc.nasa.gov/wms/virtualearth</GetCapabilitiesURL>
        <GetMapURL>http://worldwind27.arc.nasa.gov/wms/virtualearth</GetMapURL>
        <LayerNames>ve</LayerNames>
    </Service>
    <RetrievePropertiesFromService>true</RetrievePropertiesFromService>
    <!-- day month year hours:minutes:seconds timezone -->
    <LastUpdate>21 05 2012 00:00:00 GMT</LastUpdate>
    <DataCacheName>Earth/Bing</DataCacheName>
    <ImageFormat>image/png</ImageFormat>
    <AvailableImageFormats>
        <ImageFormat>image/png</ImageFormat>
    </AvailableImageFormats>
    <FormatSuffix>.png</FormatSuffix>
    <NumLevels count="16" numEmpty="6"/>
    <TileOrigin>
        <LatLon units="degrees" latitude="-90" longitude="-180"/>
    </TileOrigin>
    <LevelZeroTileDelta>
        <LatLon units="degrees" latitude="36" longitude="36"/>
    </LevelZeroTileDelta>
    <TileSize>
        <Dimension width="512" height="512"/>
    </TileSize>
    <Sector>
        <SouthWest>
            <LatLon units="degrees" latitude="-90" longitude="-180"/>
        </SouthWest>
        <NorthEast>
            <LatLon units="degrees" latitude="90" longitude="180"/>
        </NorthEast>
    </Sector>
    <ForceLevelZeroLoads>true</ForceLevelZeroLoads>
    <RetainLevelZeroTiles>true</RetainLevelZeroTiles>
    <UseTransparentTextures>false</UseTransparentTextures>
    <ScreenCredit creditType="ScreenImage">
        <FileName>images/Bing_32x32.png</FileName>
        <Link>http://www.microsoft.com/maps/assets/docs/terms.aspx/</Link>
    </ScreenCredit>
    <RetrievalTimeouts>
        <ReadTimeout>
            <Time units="milliseconds" value="30000"/>
        </ReadTimeout>
    </RetrievalTimeouts>
    <!-- The following lines are included just to show how to set the values to other than their defaults -->
    <MaxAbsentTileAttempts>2</MaxAbsentTileAttempts>
    <MinAbsentTileCheckInterval>1000</MinAbsentTileCheckInterval>
</Layer>
