<?xml version="1.0" encoding="UTF-8"?>
<!-- Open Street Map imagery -->
<!--$Id: OpenStreetMap.xml 874 2012-11-01 22:38:41Z tgaskins $-->
<Layer version="1" layerType="TiledImageLayer">
    <DisplayName>Open Street Map</DisplayName>
    <Service serviceName="OGC:WMS" version="1.1.1">
        <GetCapabilitiesURL>http://worldwind20.arc.nasa.gov/mapcache</GetCapabilitiesURL>
        <GetMapURL>http://worldwind20.arc.nasa.gov/mapcache</GetMapURL>
        <LayerNames>osm</LayerNames>
    </Service>
    <DataDetailHint>0.40</DataDetailHint>
    <RetrievePropertiesFromService>true</RetrievePropertiesFromService>
    <!-- day month year hours:minutes:seconds timezone -->
    <LastUpdate>01 11 2012 22:52:00 GMT</LastUpdate>
    <DataCacheName>Earth/OpenStreetMap</DataCacheName>
    <ImageFormat>image/png</ImageFormat>
    <AvailableImageFormats>
        <ImageFormat>image/png</ImageFormat>
        <ImageFormat>image/jpg</ImageFormat>
    </AvailableImageFormats>
    <FormatSuffix>.png</FormatSuffix>
    <NumLevels count="16" numEmpty="0"/>
    <TileOrigin>
        <LatLon units="degrees" latitude="-90" longitude="-180"/>
    </TileOrigin>
    <LevelZeroTileDelta>
        <LatLon units="degrees" latitude="36" longitude="36"/>
    </LevelZeroTileDelta>
    <TileSize>
        <Dimension width="512" height="512"/>
    </TileSize>
    <Sector>
        <SouthWest>
            <LatLon units="degrees" latitude="-90" longitude="-180"/>
        </SouthWest>
        <NorthEast>
            <LatLon units="degrees" latitude="90" longitude="180"/>
        </NorthEast>
    </Sector>
    <ForceLevelZeroLoads>false</ForceLevelZeroLoads>
    <RetainLevelZeroTiles>false</RetainLevelZeroTiles>
    <UseTransparentTextures>true</UseTransparentTextures>
    <!--<ScreenCredit creditType="ScreenImage">-->
        <!--<FileName>images/Bing_32x32.png</FileName>-->
        <!--<Link>http://www.microsoft.com/maps/assets/docs/terms.aspx/</Link>-->
    <!--</ScreenCredit>-->
    <RetrievalTimeouts>
        <ReadTimeout>
            <Time units="milliseconds" value="20000"/>
        </ReadTimeout>
    </RetrievalTimeouts>
</Layer>
