<?xml version="1.0" encoding="UTF-8"?>
<!--$Id: ScankortDenmarkImageLayer.xml 47 2011-09-02 14:59:13Z tgaskins $-->
<Layer version="1" layerType="TiledImageLayer">
    <DisplayName>Scankort Denmark</DisplayName>
    <Service serviceName="OGC:WMS" version="1.3">
        <GetCapabilitiesURL>http://data.worldwind.arc.nasa.gov/wms</GetCapabilitiesURL>
        <GetMapURL>http://data.worldwind.arc.nasa.gov/wms</GetMapURL>
        <LayerNames>Scankort</LayerNames>
    </Service>
    <!-- day month year hours:minutes:seconds timezone -->
    <LastUpdate>25 06 2009 22:45:32 GMT</LastUpdate>
    <DataCacheName>Earth/Scankort Denmark</DataCacheName>
    <ImageFormat>image/dds</ImageFormat>
    <AvailableImageFormats>
        <ImageFormat>image/png</ImageFormat>
        <ImageFormat>image/dds</ImageFormat>
    </AvailableImageFormats>
    <FormatSuffix>.dds</FormatSuffix>
    <NumLevels count="16" numEmpty="0"/>
    <TileOrigin>
        <LatLon units="degrees" latitude="-90" longitude="-180"/>
    </TileOrigin>
    <LevelZeroTileDelta>
        <LatLon units="degrees" latitude="36" longitude="36"/>
    </LevelZeroTileDelta>
    <TileSize>
        <Dimension width="512" height="512"/>
    </TileSize>
    <Sector>
        <SouthWest>
            <LatLon units="degrees" latitude="54.3" longitude="8.0"/>
        </SouthWest>
        <NorthEast>
            <LatLon units="degrees" latitude="57.8" longitude="15.6"/>
        </NorthEast>
    </Sector>
    <UseTransparentTextures>true</UseTransparentTextures>
    <RetrievalTimeouts>
        <ReadTimeout>
            <Time units="milliseconds" value="30000"/>
        </ReadTimeout>
    </RetrievalTimeouts>
</Layer>